"","species","family","skeletaldensityMin","skeletaldensityMax","growthrateMin","growthrateMax","corallitewidthMin","corallitewidthMax","colonydiameterMin","colonydiameterMax","polypfecundityMin","polypfecundityMax","eggsizeMin","eggsizeMax","photosynthesisMin","photosynthesisMax","surfaceareaMin","surfaceareaMax","BRI"
"1","Acanthastrea brevis","Lobophylliidae",NA,NA,NA,NA,NA,NA,NA,NA,NA,NA,NA,NA,NA,NA,NA,NA,NA
"2","Acanthastrea echinata","Lobophylliidae",NA,NA,NA,NA,NA,NA,NA,NA,NA,NA,NA,NA,NA,NA,NA,NA,"42.14"
"3","Dipsastraea faviaformis","Merulinidae",NA,NA,NA,NA,10.3,20.6,20,20,NA,NA,NA,NA,NA,NA,NA,NA,NA
"4","Acanthastrea hemprichii","Lobophylliidae",NA,NA,NA,NA,NA,NA,NA,NA,NA,NA,NA,NA,NA,NA,NA,NA,"0"
"5","Homophyllia bowerbanki","Lobophylliidae",NA,NA,NA,NA,20,25,150,200,NA,NA,NA,NA,NA,NA,NA,NA,NA
"6","Micromussa lordhowensis","Lobophylliidae",NA,NA,NA,NA,7.5,13.5,NA,NA,NA,NA,NA,NA,NA,NA,NA,NA,NA
"7","Acanthastrea regularis","Lobophylliidae",NA,NA,NA,NA,NA,NA,NA,NA,NA,NA,NA,NA,NA,NA,NA,NA,NA
"8","Acanthastrea rotundoflora","Lobophylliidae",NA,NA,NA,NA,NA,NA,NA,NA,NA,NA,NA,NA,NA,NA,NA,NA,NA
"9","Acanthastrea subechinata","Lobophylliidae",NA,NA,NA,NA,12.8,NA,NA,NA,NA,NA,NA,NA,NA,NA,NA,NA,NA
"10","Acanthophyllia deshayesiana","Lobophylliidae",NA,NA,NA,NA,NA,NA,NA,NA,NA,NA,NA,NA,NA,NA,NA,NA,NA
"11","Acropora abrolhosensis","Acroporidae",NA,NA,NA,NA,0.9,1.5,300,1000,NA,NA,NA,NA,NA,NA,NA,NA,NA
"12","Acropora abrotanoides","Acroporidae",NA,NA,NA,NA,0.7,1.2,NA,NA,NA,NA,NA,NA,NA,NA,NA,NA,"20"
"13","Acropora aculeus","Acroporidae",NA,NA,NA,NA,0.8,1,40,40,NA,NA,NA,NA,NA,NA,NA,NA,"17.69"
"14","Acropora acuminata","Acroporidae",NA,NA,NA,NA,0.6,1.2,100,200,NA,NA,NA,NA,NA,NA,NA,NA,"35.75"
"15","Acropora anthocercis","Acroporidae",NA,NA,NA,NA,0.8,1.3,50,100,NA,NA,NA,NA,NA,NA,NA,NA,"0"
"16","Acropora aspera","Acroporidae",0.56,1.28,1.79247368421053,6.33605263157895,1,1.8,NA,NA,NA,NA,NA,NA,NA,NA,NA,NA,"40.75"
"17","Acropora austera","Acroporidae",1.44,1.44,5.24166666666667,5.24166666666667,0.6,1.5,NA,NA,NA,NA,NA,NA,NA,NA,NA,NA,"23.26"
"18","Acropora azurea","Acroporidae",NA,NA,NA,NA,NA,NA,15,15,NA,NA,NA,NA,NA,NA,NA,NA,NA
"19","Acropora bushyensis","Acroporidae",NA,NA,NA,NA,0.7,1.5,25,25,NA,NA,NA,NA,NA,NA,NA,NA,NA
"20","Acropora cardenae","Acroporidae",NA,NA,NA,NA,NA,NA,NA,NA,NA,NA,NA,NA,NA,NA,NA,NA,NA
"21","Acropora carduus","Acroporidae",NA,NA,NA,NA,0.5,0.9,NA,NA,NA,NA,NA,NA,NA,NA,NA,NA,"27.69"
"22","Acropora caroliniana","Acroporidae",NA,NA,NA,NA,0.6,1,50,50,NA,NA,NA,NA,NA,NA,NA,NA,NA
"23","Acropora cerealis","Acroporidae",NA,NA,-74.65,81.8,0.3,0.8,50,50,NA,NA,NA,NA,NA,NA,NA,NA,"48.63"
"24","Acropora chesterfieldensis","Acroporidae",NA,NA,NA,NA,0.7,1,NA,NA,NA,NA,NA,NA,NA,NA,NA,NA,NA
"25","Acropora clathrata","Acroporidae",NA,NA,NA,NA,0.5,0.9,NA,NA,NA,NA,NA,NA,NA,NA,NA,NA,"32.99"
"26","Acropora cytherea","Acroporidae",NA,NA,-54.9740644631699,64.9282311298365,0.7,1,300,300,NA,NA,NA,NA,NA,NA,NA,NA,"42.48"
"27","Acropora dendrum","Acroporidae",NA,NA,NA,NA,0.5,1.2,100,100,NA,NA,NA,NA,NA,NA,NA,NA,NA
"28","Acropora digitifera","Acroporidae",-1.21,4.25,-6.46666666666667,12.7333333333333,0.6,1.6,100,100,NA,NA,NA,NA,NA,NA,NA,NA,"31.84"
"29","Acropora divaricata","Acroporidae",NA,NA,-48.8412441028181,55.7579107694848,0.7,1.1,NA,NA,NA,NA,NA,NA,NA,NA,NA,NA,"28.06"
"30","Acropora donei","Acroporidae",NA,NA,NA,NA,0.8,1.4,200,300,NA,NA,NA,NA,NA,NA,NA,NA,NA
"31","Acropora echinata","Acroporidae",NA,NA,NA,NA,0.5,1,150,150,NA,NA,NA,NA,NA,NA,NA,NA,"71.5"
"32","Acropora elegans","Acroporidae",NA,NA,NA,NA,0.4,0.8,NA,NA,NA,NA,NA,NA,NA,NA,NA,NA,NA
"33","Acropora elseyi","Acroporidae",NA,NA,7.5,14.7,0.6,0.9,50,50,NA,NA,NA,NA,NA,NA,NA,NA,"25.43"
"34","Acropora florida","Acroporidae",NA,NA,NA,NA,0.7,1.4,1500,1500,NA,NA,NA,NA,NA,NA,NA,NA,"45.69"
"35","Acropora gemmifera","Acroporidae",1.23,1.71,-7.9,11.9,1,1.6,NA,NA,6.448,6.448,NA,NA,NA,NA,NA,NA,"71.07"
"36","Acropora glauca","Acroporidae",1.172,1.748,NA,NA,0.9,1.3,NA,NA,NA,NA,NA,NA,NA,NA,NA,NA,"24.35"
"37","Acropora grandis","Acroporidae",NA,NA,NA,NA,0.8,1.7,200,700,NA,NA,NA,NA,NA,NA,NA,NA,"24.23"
"38","Acropora granulosa","Acroporidae",NA,NA,NA,NA,0.4,0.9,50,100,NA,NA,NA,NA,NA,NA,NA,NA,NA
"39","Acropora horrida","Acroporidae",0.56,1.16,NA,NA,0.6,1.5,200,200,NA,NA,NA,NA,NA,NA,NA,NA,"19.4"
"40","Acropora humilis","Acroporidae",1.05,1.76,-36.8902777777778,40.2597222222222,1,1.8,NA,NA,NA,NA,NA,NA,NA,NA,NA,NA,"51.14"
"41","Acropora hyacinthus","Acroporidae",1.03015204623612,1.52984795376388,-161.252830996647,174.691719885536,0.4,1.1,300,300,5.576,5.576,0.0472,0.1522,NA,NA,NA,NA,"35.71"
"42","Acropora intermedia","Acroporidae",NA,NA,NA,NA,0.8,1.5,500,500,NA,NA,NA,NA,NA,NA,NA,NA,NA
"43","Acropora kirstyae","Acroporidae",NA,NA,NA,NA,0.2,0.8,NA,NA,NA,NA,NA,NA,NA,NA,NA,NA,NA
"44","Acropora latistella","Acroporidae",NA,NA,NA,NA,0.6,0.9,NA,NA,NA,NA,NA,NA,NA,NA,NA,NA,"25.27"
"45","Acropora listeri","Acroporidae",NA,NA,NA,NA,0.6,1,50,50,NA,NA,NA,NA,NA,NA,NA,NA,"18.46"
"46","Acropora longicyathus","Acroporidae",1.18,1.36,NA,NA,0.5,1.3,NA,NA,NA,NA,NA,NA,NA,NA,NA,NA,"25.88"
"47","Acropora loripes","Acroporidae",NA,NA,NA,NA,0.5,1.2,40,50,NA,NA,NA,NA,NA,NA,NA,NA,"9.38"
"48","Acropora lovelli","Acroporidae",NA,NA,NA,NA,NA,NA,NA,NA,NA,NA,NA,NA,NA,NA,NA,NA,NA
"49","Acropora lutkeni","Acroporidae",NA,NA,NA,NA,0.6,1.2,600,600,NA,NA,NA,NA,NA,NA,NA,NA,"13.73"
"50","Acropora microclados","Acroporidae",NA,NA,NA,NA,0.6,1.2,100,100,NA,NA,NA,NA,NA,NA,NA,NA,"0"
"51","Acropora microphthalma","Acroporidae",NA,NA,NA,NA,0.6,1,200,200,NA,NA,NA,NA,NA,NA,NA,NA,"7.26"
"52","Acropora millepora","Acroporidae",NA,NA,NA,NA,0.4,1.6,NA,NA,5.139,5.139,NA,NA,NA,NA,NA,NA,"34.19"
"53","Acropora monticulosa","Acroporidae",NA,NA,NA,NA,0.6,1.2,300,300,NA,NA,NA,NA,NA,NA,NA,NA,"45.23"
"54","Acropora multiacuta","Acroporidae",NA,NA,NA,NA,0.6,2,NA,NA,NA,NA,NA,NA,NA,NA,NA,NA,NA
"55","Acropora muricata","Acroporidae",1.46484898469281,2.05515101530719,-27.0079047619048,41.8840952380952,0.8,1.2,1000,1000,NA,NA,NA,NA,NA,NA,NA,NA,"29.3"
"56","Acropora nana","Acroporidae",NA,NA,NA,NA,0.5,1,15,15,4.461,4.461,0.028,0.0977,NA,NA,NA,NA,NA
"57","Acropora nasuta","Acroporidae",1.4,1.4,-75.9416666666667,82.7583333333333,0.5,1.1,80,80,NA,NA,NA,NA,NA,NA,NA,NA,"58.94"
"58","Acropora palmerae","Acroporidae",NA,NA,NA,NA,0.9,1.3,100,200,NA,NA,NA,NA,NA,NA,NA,NA,NA
"59","Acropora paniculata","Acroporidae",NA,NA,NA,NA,0.4,0.8,15,200,NA,NA,NA,NA,NA,NA,NA,NA,NA
"60","Acropora papillare","Acroporidae",NA,NA,NA,NA,0.8,1.6,NA,NA,NA,NA,NA,NA,NA,NA,NA,NA,NA
"61","Acropora polystoma","Acroporidae",NA,NA,NA,NA,0.8,1.5,80,80,NA,NA,NA,NA,NA,NA,NA,NA,NA
"62","Acropora pulchra","Acroporidae",1.84,1.96,16.8,16.8,0.6,1.2,500,500,NA,NA,NA,NA,NA,NA,NA,NA,"8.4"
"63","Acropora robusta","Acroporidae",NA,NA,-3.92333333333333,7.65666666666667,0.5,1.5,NA,NA,NA,NA,NA,NA,NA,NA,NA,NA,"36.04"
"64","Acropora rosaria","Acroporidae",NA,NA,NA,NA,NA,NA,NA,NA,NA,NA,NA,NA,NA,NA,NA,NA,NA
"65","Acropora samoensis","Acroporidae",NA,NA,NA,NA,0.8,1.8,100,100,NA,NA,NA,NA,NA,NA,NA,NA,"11.54"
"66","Acropora sarmentosa","Acroporidae",NA,NA,NA,NA,1,2,30,30,NA,NA,NA,NA,NA,NA,NA,NA,"12.19"
"67","Acropora secale","Acroporidae",NA,NA,NA,NA,0.3,1.2,100,100,NA,NA,NA,NA,NA,NA,NA,NA,"31.03"
"68","Acropora selago","Acroporidae",NA,NA,NA,NA,0.5,0.9,75,75,NA,NA,NA,NA,NA,NA,NA,NA,"12.31"
"69","Acropora solitaryensis","Acroporidae",1.162,1.738,1.39166666666667,1.39166666666667,0.5,1.1,200,300,NA,NA,NA,NA,NA,NA,NA,NA,"29.88"
"70","Acropora spathulata","Acroporidae",NA,NA,NA,NA,0.8,1.5,NA,NA,NA,NA,NA,NA,NA,NA,NA,NA,"10.08"
"71","Acropora speciosa","Acroporidae",NA,NA,NA,NA,0.3,0.8,50,50,NA,NA,NA,NA,NA,NA,NA,NA,NA
"72","Acropora spicifera","Acroporidae",NA,NA,-33.05,51.55,0.5,1.1,NA,NA,NA,NA,NA,NA,NA,NA,NA,NA,NA
"73","Acropora subglabra","Acroporidae",NA,NA,NA,NA,0.3,0.8,NA,NA,NA,NA,NA,NA,NA,NA,NA,NA,"35.75"
"74","Acropora subulata","Acroporidae",NA,NA,NA,NA,0.8,1.2,200,300,NA,NA,NA,NA,NA,NA,NA,NA,"29.57"
"75","Acropora tenella","Acroporidae",NA,NA,NA,NA,0.5,0.8,NA,NA,NA,NA,NA,NA,NA,NA,NA,NA,NA
"76","Acropora tenuis","Acroporidae",NA,NA,NA,NA,0.8,1.2,NA,NA,NA,NA,NA,NA,NA,NA,NA,NA,"37.85"
"77","Acropora torihalimeda","Acroporidae",NA,NA,NA,NA,0.8,0.8,NA,NA,NA,NA,NA,NA,NA,NA,NA,NA,NA
"78","Acropora torresiana","Acroporidae",NA,NA,NA,NA,NA,NA,NA,NA,NA,NA,NA,NA,NA,NA,NA,NA,NA
"79","Acropora tortuosa","Acroporidae",NA,NA,NA,NA,1,1.3,NA,NA,NA,NA,NA,NA,NA,NA,NA,NA,NA
"80","Acropora valenciennesi","Acroporidae",NA,NA,-36.0555555555556,65.9444444444444,0.8,1.5,200,400,NA,NA,NA,NA,NA,NA,NA,NA,"32.82"
"81","Acropora valida","Acroporidae",0.888,2.112,-10.7916666666667,16.5083333333333,0.5,0.9,50,50,NA,NA,NA,NA,NA,NA,NA,NA,"16.35"
"82","Acropora vaughani","Acroporidae",NA,NA,NA,NA,0.5,1.1,NA,NA,NA,NA,NA,NA,NA,NA,NA,NA,NA
"83","Acropora verweyi","Acroporidae",NA,NA,NA,NA,0.8,1.1,NA,NA,NA,NA,NA,NA,NA,NA,NA,NA,NA
"84","Acropora wallacae","Acroporidae",NA,NA,NA,NA,NA,NA,NA,NA,NA,NA,NA,NA,NA,NA,NA,NA,NA
"85","Acropora willisae","Acroporidae",NA,NA,NA,NA,0.2,1,40,100,NA,NA,NA,NA,NA,NA,NA,NA,"0"
"86","Acropora yongei","Acroporidae",NA,NA,-16.9133333333333,25.1466666666667,0.8,1.2,200,200,NA,NA,NA,NA,NA,NA,NA,NA,"15.96"
"87","Alveopora allingi","Acroporidae",NA,NA,NA,NA,2.4,3.7,NA,NA,NA,NA,NA,NA,NA,NA,NA,NA,NA
"88","Alveopora catalai","Acroporidae",NA,NA,NA,NA,2,4.1,500,1000,NA,NA,NA,NA,NA,NA,NA,NA,NA
"89","Alveopora fenestrata","Acroporidae",NA,NA,NA,NA,2.4,3.4,NA,NA,NA,NA,NA,NA,NA,NA,NA,NA,NA
"90","Alveopora gigas","Acroporidae",NA,NA,NA,NA,2,6.6,NA,NA,NA,NA,NA,NA,NA,NA,NA,NA,NA
"91","Alveopora marionensis","Acroporidae",NA,NA,NA,NA,2,3.4,NA,NA,NA,NA,NA,NA,NA,NA,NA,NA,NA
"92","Alveopora spongiosa","Acroporidae",NA,NA,NA,NA,0.7,1.5,100,200,NA,NA,NA,NA,NA,NA,NA,NA,NA
"93","Alveopora tizardi","Acroporidae",NA,NA,NA,NA,1.4,1.5,NA,NA,NA,NA,NA,NA,NA,NA,NA,NA,NA
"94","Alveopora verrilliana","Acroporidae",NA,NA,NA,NA,1,2.1,NA,NA,NA,NA,NA,NA,NA,NA,NA,NA,NA
"95","Anacropora forbesi","Acroporidae",NA,NA,NA,NA,0.2,0.5,NA,NA,NA,NA,NA,NA,NA,NA,NA,NA,NA
"96","Anacropora matthai","Acroporidae",NA,NA,NA,NA,0.5,0.6,NA,NA,NA,NA,NA,NA,NA,NA,NA,NA,NA
"97","Anacropora puertogalerae","Acroporidae",NA,NA,NA,NA,0.5,0.8,NA,NA,NA,NA,NA,NA,NA,NA,NA,NA,NA
"98","Anacropora reticulata","Acroporidae",NA,NA,NA,NA,0.5,0.9,NA,NA,NA,NA,NA,NA,NA,NA,NA,NA,NA
"99","Astrea annuligera","Merulinidae",NA,NA,NA,NA,2.6,6.3,NA,NA,NA,NA,NA,NA,NA,NA,NA,NA,NA
"100","Astrea curta","Merulinidae",NA,NA,-0.923333333333333,1.35666666666667,7,9.3,NA,NA,NA,NA,NA,NA,NA,NA,NA,NA,"10.25"
"101","Astreopora cucullata","Acroporidae",NA,NA,NA,NA,1.8,2.3,NA,NA,NA,NA,NA,NA,NA,NA,NA,NA,NA
"102","Astreopora expansa","Acroporidae",NA,NA,NA,NA,2.1,2.3,NA,NA,NA,NA,NA,NA,NA,NA,NA,NA,NA
"103","Astreopora gracilis","Acroporidae",NA,NA,NA,NA,1.4,1.6,NA,NA,NA,NA,NA,NA,NA,NA,NA,NA,NA
"104","Astreopora incrustans","Acroporidae",NA,NA,NA,NA,0.7,0.9,100,100,NA,NA,NA,NA,NA,NA,NA,NA,NA
"105","Astreopora listeri","Acroporidae",NA,NA,NA,NA,1.3,1.6,NA,NA,NA,NA,NA,NA,NA,NA,NA,NA,NA
"106","Astreopora moretonensis","Acroporidae",NA,NA,NA,NA,2.1,2.5,NA,NA,NA,NA,NA,NA,NA,NA,NA,NA,NA
"107","Astreopora myriophthalma","Acroporidae",NA,NA,NA,NA,2.1,2.3,NA,NA,NA,NA,NA,NA,NA,NA,NA,NA,"2.75"
"108","Astreopora ocellata","Acroporidae",NA,NA,NA,NA,1.1,2.5,NA,NA,NA,NA,NA,NA,NA,NA,NA,NA,NA
"109","Astreopora randalli","Acroporidae",NA,NA,NA,NA,1.1,1.5,NA,NA,NA,NA,NA,NA,NA,NA,NA,NA,NA
"110","Astreopora scabra","Acroporidae",NA,NA,NA,NA,1.6,2.5,NA,NA,NA,NA,NA,NA,NA,NA,NA,NA,NA
"111","Australogyra zelli","Merulinidae",NA,NA,NA,NA,5,7.2,200,200,NA,NA,NA,NA,NA,NA,NA,NA,"55.89"
"112","Bernardpora stutchburyi","Poritidae",NA,NA,NA,NA,1.4,2.2,NA,NA,NA,NA,NA,NA,NA,NA,NA,NA,NA
"113","Blastomussa merleti","Plesiastreidae",NA,NA,NA,NA,3.8,6,NA,NA,NA,NA,NA,NA,NA,NA,NA,NA,NA
"114","Blastomussa wellsi","Plesiastreidae",NA,NA,NA,NA,10,18.9,NA,NA,NA,NA,NA,NA,NA,NA,NA,NA,NA
"115","Cantharellus jebbi","Fungiidae",NA,NA,NA,NA,NA,70,20,20,NA,NA,NA,NA,NA,NA,NA,NA,NA
"116","Cantharellus noumeae","Fungiidae",NA,NA,NA,NA,NA,200,20,20,NA,NA,NA,NA,NA,NA,NA,NA,NA
"117","Catalaphyllia jardinei","Merulinidae",NA,NA,NA,NA,12.3,21.3,100,100,NA,NA,NA,NA,NA,NA,NA,NA,"2.75"
"118","Caulastraea curvata","Merulinidae",NA,NA,NA,NA,7.8,13.9,100,100,NA,NA,NA,NA,NA,NA,NA,NA,NA
"119","Caulastraea echinulata","Merulinidae",NA,NA,NA,NA,9.4,13.8,NA,NA,NA,NA,NA,NA,NA,NA,NA,NA,NA
"120","Caulastraea furcata","Merulinidae",NA,NA,NA,NA,7.2,12.8,500,500,NA,NA,NA,NA,NA,NA,NA,NA,"4.55"
"121","Caulastraea tumida","Merulinidae",NA,NA,NA,NA,15,25,NA,NA,NA,NA,NA,NA,NA,NA,NA,NA,NA
"122","Coeloseris mayeri","Agariciidae",NA,NA,NA,NA,8.1,11.9,NA,NA,NA,NA,NA,NA,NA,NA,NA,NA,"35.96"
"123","Coscinaraea columna","Coscinaraeidae",NA,NA,NA,NA,3.5,6,NA,NA,NA,NA,NA,NA,NA,NA,NA,NA,"6.51"
"124","Coscinaraea crassa","Coscinaraeidae",NA,NA,NA,NA,7.1,12.9,NA,NA,NA,NA,NA,NA,NA,NA,NA,NA,NA
"125","Coscinaraea exesa","Coscinaraeidae",NA,NA,NA,NA,2.6,6.1,NA,NA,NA,NA,NA,NA,NA,NA,NA,NA,"8"
"126","Cycloseris wellsi","Fungiidae",NA,NA,NA,NA,2,2.5,NA,NA,NA,NA,NA,NA,NA,NA,NA,NA,NA
"127","Ctenactis albitentaculata","Fungiidae",NA,NA,NA,NA,NA,260,NA,NA,NA,NA,NA,NA,NA,NA,NA,NA,NA
"128","Ctenactis crassa","Fungiidae",NA,NA,NA,NA,NA,236,NA,NA,NA,NA,NA,NA,NA,NA,NA,NA,NA
"129","Ctenactis echinata","Fungiidae",NA,NA,NA,NA,NA,284,NA,NA,NA,NA,NA,NA,NA,NA,NA,NA,"0"
"130","Cycloseris costulata","Fungiidae",NA,NA,NA,NA,70,76,7.6,8,NA,NA,NA,NA,NA,NA,NA,NA,NA
"131","Cycloseris cyclolites","Fungiidae",NA,NA,NA,NA,33.3,35.7,4,40,NA,NA,NA,NA,NA,NA,NA,NA,NA
"132","Cycloseris tenuis","Fungiidae",NA,NA,NA,NA,42.9,46.7,NA,NA,NA,NA,NA,NA,NA,NA,NA,NA,NA
"133","Cycloseris fragilis","Fungiidae",NA,NA,NA,NA,NA,48,7,7,NA,NA,NA,NA,NA,NA,NA,NA,NA
"134","Cycloseris sinensis","Fungiidae",NA,NA,NA,NA,53.3,54.8,NA,NA,NA,NA,NA,NA,NA,NA,NA,NA,NA
"135","Cycloseris somervillei","Fungiidae",NA,NA,NA,NA,102.9,135.2,13,13,NA,NA,NA,NA,NA,NA,NA,NA,NA
"136","Cycloseris tenuis","Fungiidae",NA,NA,NA,NA,42.9,46.7,NA,NA,NA,NA,NA,NA,NA,NA,NA,NA,NA
"137","Cycloseris vaughani","Fungiidae",NA,NA,NA,NA,NA,58.5,NA,NA,NA,NA,NA,NA,NA,NA,NA,NA,NA
"138","Cynarina lacrymalis","Lobophylliidae",NA,NA,NA,NA,NA,85,NA,NA,NA,NA,NA,NA,NA,NA,NA,NA,NA
"139","Cyphastrea agassizi","Merulinidae",NA,NA,NA,NA,1.4,2.2,NA,NA,NA,NA,NA,NA,NA,NA,NA,NA,NA
"140","Cyphastrea chalcidicum","Merulinidae",NA,NA,NA,NA,1.6,2.8,100,100,NA,NA,NA,NA,NA,NA,NA,NA,"0"
"141","Cyphastrea decadia","Merulinidae",NA,NA,NA,NA,2.2,2.8,NA,NA,NA,NA,NA,NA,NA,NA,NA,NA,"0.79"
"142","Cyphastrea japonica","Merulinidae",NA,NA,NA,NA,1.5,1.9,NA,NA,NA,NA,NA,NA,NA,NA,NA,NA,NA
"143","Cyphastrea microphthalma","Merulinidae",NA,NA,NA,NA,1.6,2.7,NA,NA,NA,NA,NA,NA,NA,NA,NA,NA,"6.54"
"144","Cyphastrea ocellina","Merulinidae",NA,NA,NA,NA,1.9,2.5,NA,NA,NA,NA,NA,NA,NA,NA,NA,NA,"5.5"
"145","Cyphastrea serailia","Merulinidae",NA,NA,0.216666666666667,0.283333333333333,1.4,2.4,NA,NA,NA,NA,NA,NA,NA,NA,NA,NA,"8.64"
"146","Cycloseris distorta","Fungiidae",NA,NA,NA,NA,NA,40,4,4,NA,NA,NA,NA,NA,NA,NA,NA,"1.38"
"147","Cycloseris fragilis","Fungiidae",NA,NA,NA,NA,NA,48,7,7,NA,NA,NA,NA,NA,NA,NA,NA,NA
"148","Diploastrea heliopora","Diploastraeidae",NA,NA,NA,NA,7,9,500,700,NA,NA,NA,NA,NA,NA,NA,NA,"19.94"
"149","Duncanopsammia axifuga","Dendrophylliidae",NA,NA,NA,NA,6.7,10.5,NA,NA,NA,NA,NA,NA,NA,NA,NA,NA,NA
"150","Echinomorpha nishihirai","Lobophylliidae",NA,NA,NA,NA,NA,115.5,NA,NA,NA,NA,NA,NA,NA,NA,NA,NA,NA
"151","Echinophyllia aspera","Lobophylliidae",NA,NA,NA,NA,8.8,10.9,NA,NA,NA,NA,NA,NA,NA,NA,NA,NA,"10.56"
"152","Echinophyllia echinata","Lobophylliidae",NA,NA,NA,NA,12,12.9,NA,NA,NA,NA,NA,NA,NA,NA,NA,NA,NA
"153","Echinophyllia echinoporoides","Lobophylliidae",NA,NA,NA,NA,2.5,5.7,NA,NA,NA,NA,NA,NA,NA,NA,NA,NA,NA
"154","Echinophyllia orpheensis","Lobophylliidae",NA,NA,NA,NA,10,10.1,40,50,NA,NA,NA,NA,NA,NA,NA,NA,"0"
"155","Echinopora gemmacea","Merulinidae",NA,NA,NA,NA,3,4.2,NA,NA,NA,NA,NA,NA,NA,NA,NA,NA,"31.56"
"156","Echinopora hirsutissima","Merulinidae",NA,NA,NA,NA,3.7,4.2,NA,NA,NA,NA,NA,NA,NA,NA,NA,NA,NA
"157","Echinopora horrida","Merulinidae",NA,NA,NA,NA,2,2.4,500,500,NA,NA,NA,NA,NA,NA,NA,NA,"0.79"
"158","Echinopora lamellosa","Merulinidae",NA,NA,NA,NA,2.3,3.4,500,500,NA,NA,NA,NA,NA,NA,NA,NA,"8.87"
"159","Echinopora mammiformis","Merulinidae",NA,NA,NA,NA,6.1,8.9,500,500,NA,NA,NA,NA,NA,NA,NA,NA,"19.16"
"160","Echinopora pacificus","Merulinidae",NA,NA,NA,NA,2.5,4.6,NA,NA,NA,NA,NA,NA,NA,NA,NA,NA,"28.6"
"161","Euphyllia ancora","Euphylliidae",NA,NA,NA,NA,16,45,100,100,NA,NA,NA,NA,NA,NA,NA,NA,NA
"162","Euphyllia cristata","Euphylliidae",NA,NA,NA,NA,20,25,12,12,NA,NA,NA,NA,NA,NA,NA,NA,NA
"163","Euphyllia divisa","Euphylliidae",NA,NA,NA,NA,NA,22,100,100,NA,NA,NA,NA,NA,NA,NA,NA,NA
"164","Euphyllia glabrescens","Euphylliidae",NA,NA,NA,NA,8,19,NA,NA,NA,NA,NA,NA,NA,NA,NA,NA,"2.75"
"165","Dipsastraea danai","Merulinidae",NA,NA,NA,NA,6.8,9.2,NA,NA,NA,NA,NA,NA,NA,NA,NA,NA,"37.43"
"166","Dipsastraea favus","Merulinidae",NA,NA,NA,NA,1,1,NA,NA,1200,1200,NA,NA,NA,NA,NA,NA,"32.05"
"167","Dipsastraea helianthoides","Merulinidae",NA,NA,NA,NA,6.2,9,NA,NA,NA,NA,NA,NA,NA,NA,NA,NA,NA
"168","Dipsastraea laxa","Merulinidae",NA,NA,NA,NA,3.8,5.8,NA,NA,NA,NA,NA,NA,NA,NA,NA,NA,"41.5"
"169","Dipsastraea lizardensis","Merulinidae",NA,NA,NA,NA,10,16.7,100,100,NA,NA,NA,NA,NA,NA,NA,NA,"76"
"170","Dipsastraea maritima","Merulinidae",NA,NA,NA,NA,13.8,18.8,NA,NA,NA,NA,NA,NA,NA,NA,NA,NA,"6.73"
"171","Dipsastraea matthaii","Merulinidae",NA,NA,NA,NA,8.8,13.8,NA,NA,NA,NA,NA,NA,NA,NA,NA,NA,"31.87"
"172","Dipsastraea maxima","Merulinidae",NA,NA,NA,NA,23,29,NA,NA,NA,NA,NA,NA,NA,NA,NA,NA,"16"
"173","Dipsastraea pallida","Merulinidae",NA,NA,0.314166666666667,0.344166666666667,6.8,10.2,NA,NA,NA,NA,NA,NA,NA,NA,NA,NA,"55.04"
"174","Dipsastraea rosaria","Merulinidae",NA,NA,NA,NA,6.1,9.3,100,100,NA,NA,NA,NA,NA,NA,NA,NA,NA
"175","Dipsastraea rotumana","Merulinidae",NA,NA,NA,NA,8.8,14.2,NA,NA,NA,NA,NA,NA,NA,NA,NA,NA,"23.04"
"176","Favites rotundata","Merulinidae",NA,NA,NA,NA,16.2,21.2,NA,NA,NA,NA,NA,NA,NA,NA,NA,NA,"32.34"
"177","Dipsastraea speciosa","Merulinidae",NA,NA,-2.75,3.85,7.5,9.9,NA,NA,NA,NA,NA,NA,NA,NA,NA,NA,"33.6"
"178","Goniastrea stelligera","Merulinidae",NA,NA,NA,NA,3.2,5.1,NA,NA,NA,NA,NA,NA,NA,NA,NA,NA,"49.18"
"179","Dipsastraea truncata","Merulinidae",NA,NA,NA,NA,9,10.5,NA,NA,NA,NA,NA,NA,NA,NA,NA,NA,NA
"180","Dipsastraea veroni","Merulinidae",NA,NA,NA,NA,10,17.5,NA,NA,NA,NA,NA,NA,NA,NA,NA,NA,NA
"181","Dipsastraea vietnamensis","Merulinidae",NA,NA,NA,NA,4.8,14.1,NA,NA,NA,NA,NA,NA,NA,NA,NA,NA,NA
"182","Favites abdita","Merulinidae",NA,NA,NA,NA,7.5,15,100,100,NA,NA,NA,NA,NA,NA,NA,NA,"26.03"
"183","Favites chinensis","Merulinidae",NA,NA,NA,NA,7.5,12.5,NA,NA,NA,NA,NA,NA,NA,NA,NA,NA,"49.37"
"184","Favites complanata","Merulinidae",NA,NA,NA,NA,8,18.8,NA,NA,NA,NA,NA,NA,NA,NA,NA,NA,"20.28"
"185","Favites flexuosa","Merulinidae",NA,NA,NA,NA,13.2,18.8,NA,NA,NA,NA,NA,NA,NA,NA,NA,NA,"43.34"
"186","Favites halicora","Merulinidae",NA,NA,NA,NA,10.8,16.8,NA,NA,NA,NA,NA,NA,NA,NA,NA,NA,"25.66"
"187","Favites pentagona","Merulinidae",NA,NA,NA,NA,3.8,8.5,100,100,NA,NA,NA,NA,NA,NA,NA,NA,"27.07"
"188","Paragoniastrea russelli","Merulinidae",NA,NA,NA,NA,6,16,NA,NA,NA,NA,NA,NA,NA,NA,NA,NA,NA
"189","Lithophyllon concinna","Fungiidae",NA,NA,NA,NA,NA,160,16,16,NA,NA,NA,NA,NA,NA,NA,NA,"6.33"
"190","Danafungia scruposa","Fungiidae",NA,NA,NA,NA,NA,111,24,24,NA,NA,NA,NA,NA,NA,NA,NA,NA
"191","Danafungia scruposa","Fungiidae",NA,NA,NA,NA,NA,111,24,24,NA,NA,NA,NA,NA,NA,NA,NA,NA
"192","Heliofungia fralinae","Fungiidae",NA,NA,NA,NA,NA,90,NA,NA,NA,NA,NA,NA,NA,NA,NA,NA,NA
"193","Pleuractis granulosa","Fungiidae",NA,NA,0.0641666666666667,1.28666666666667,NA,120,13.5,13.5,NA,NA,NA,NA,NA,NA,NA,NA,NA
"194","Pleuractis gravis","Fungiidae",NA,NA,NA,NA,NA,NA,NA,NA,NA,NA,NA,NA,NA,NA,NA,NA,NA
"195","Danafungia horrida","Fungiidae",NA,NA,NA,NA,NA,204,20,20,NA,NA,NA,NA,NA,NA,NA,NA,"0"
"196","Danafungia horrida","Fungiidae",NA,NA,NA,NA,NA,204,20,20,NA,NA,NA,NA,NA,NA,NA,NA,"0"
"197","Pleuractis moluccensis","Fungiidae",NA,NA,NA,NA,NA,160,NA,NA,NA,NA,NA,NA,NA,NA,NA,NA,NA
"198","Pleuractis paumotensis","Fungiidae",NA,NA,NA,NA,NA,235,25,25,NA,NA,NA,NA,NA,NA,NA,NA,"0"
"199","Lithophyllon repanda","Fungiidae",NA,NA,NA,NA,150,150,30,30,NA,NA,NA,NA,NA,NA,NA,NA,NA
"200","Lithophyllon scabra","Fungiidae",NA,NA,NA,NA,NA,78,NA,NA,NA,NA,NA,NA,NA,NA,NA,NA,NA
"201","Lobactis scutaria","Fungiidae",NA,NA,-10.425,11.775,NA,169,17,17,NA,NA,NA,NA,NA,NA,NA,NA,"2.75"
"202","Galaxea acrhelia","Euphylliidae",NA,NA,NA,NA,4.7,5.4,50,200,NA,NA,NA,NA,NA,NA,NA,NA,"29.85"
"203","Galaxea astreata","Euphylliidae",NA,NA,NA,NA,3.4,3.7,100,200,NA,NA,NA,NA,NA,NA,NA,NA,"47.59"
"204","Galaxea fascicularis","Euphylliidae",NA,NA,NA,NA,5.8,10.7,500,500,NA,NA,NA,NA,NA,NA,NA,NA,"25.43"
"205","Galaxea horrescens","Euphylliidae",NA,NA,NA,NA,2.5,2.9,200,200,NA,NA,NA,NA,NA,NA,NA,NA,"28.51"
"206","Galaxea longisepta","Euphylliidae",NA,NA,NA,NA,4.7,7.6,15,15,NA,NA,NA,NA,NA,NA,NA,NA,NA
"207","Gardineroseris planulata","Agariciidae",1.288,1.972,-8.20151151429023,9.57651151429023,1.4,5,NA,NA,NA,NA,NA,NA,NA,NA,NA,NA,"23.31"
"208","Coelastrea aspera","Merulinidae",NA,NA,-2.83166666666667,3.49833333333333,8.5,11.5,500,500,NA,NA,NA,NA,NA,NA,NA,NA,"14.27"
"209","Paragoniastrea australensis","Merulinidae",NA,NA,0.233333333333333,0.241666666666667,8.5,10,NA,NA,NA,NA,NA,NA,NA,NA,NA,NA,NA
"210","Goniastrea edwardsi","Merulinidae",NA,NA,NA,NA,2.5,5,100,100,NA,NA,NA,NA,NA,NA,NA,NA,"56.91"
"211","Goniastrea favulus","Merulinidae",NA,NA,-2.4975,3.1725,4,7.5,NA,NA,NA,NA,NA,NA,NA,NA,NA,NA,"14.95"
"212","Coelastrea palauensis","Merulinidae",NA,NA,NA,NA,10,18.8,20,20,NA,NA,NA,NA,NA,NA,NA,NA,NA
"213","Goniastrea pectinata","Merulinidae",NA,NA,NA,NA,5,15,NA,NA,NA,NA,NA,NA,NA,NA,NA,NA,"46.88"
"214","Goniastrea retiformis","Merulinidae",NA,NA,NA,NA,3.5,6.5,100,100,45.818,45.818,NA,NA,3.17,3.3,NA,NA,"56.85"
"215","Goniopora columna","Poritidae",NA,NA,NA,NA,2.7,3.7,NA,NA,NA,NA,NA,NA,NA,NA,NA,NA,"36.83"
"216","Goniopora djiboutiensis","Poritidae",NA,NA,NA,NA,3.2,4.7,NA,NA,NA,NA,NA,NA,NA,NA,NA,NA,"23.02"
"217","Goniopora eclipsensis","Poritidae",NA,NA,NA,NA,2,3.1,NA,NA,NA,NA,NA,NA,NA,NA,NA,NA,NA
"218","Goniopora fruticosa","Poritidae",NA,NA,NA,NA,1.7,3.7,NA,NA,NA,NA,NA,NA,NA,NA,NA,NA,NA
"219","Goniopora lobata","Poritidae",NA,NA,NA,NA,2.4,4.6,NA,NA,NA,NA,NA,NA,NA,NA,NA,NA,"19.66"
"220","Goniopora minor","Poritidae",NA,NA,NA,NA,1.5,2.5,NA,NA,NA,NA,NA,NA,NA,NA,NA,NA,NA
"221","Goniopora norfolkensis","Poritidae",NA,NA,NA,NA,1.5,2.4,NA,NA,NA,NA,NA,NA,NA,NA,NA,NA,NA
"222","Goniopora palmensis","Poritidae",NA,NA,NA,NA,1.7,2.4,NA,NA,NA,NA,NA,NA,NA,NA,NA,NA,NA
"223","Goniopora pandoraensis","Poritidae",NA,NA,NA,NA,2,2.7,NA,NA,NA,NA,NA,NA,NA,NA,NA,NA,NA
"224","Goniopora pendulus","Poritidae",NA,NA,NA,NA,4.1,5.6,NA,NA,NA,NA,NA,NA,NA,NA,NA,NA,NA
"225","Goniopora somaliensis","Poritidae",NA,NA,NA,NA,2.2,3.1,200,200,NA,NA,NA,NA,NA,NA,NA,NA,NA
"226","Goniopora stokesi","Poritidae",NA,NA,NA,NA,2.7,4.7,10,10,NA,NA,NA,NA,NA,NA,NA,NA,"13.75"
"227","Goniopora tenuidens","Poritidae",NA,NA,NA,NA,NA,NA,NA,NA,NA,NA,NA,NA,NA,NA,NA,NA,"39.29"
"228","Halomitra pileus","Fungiidae",NA,NA,NA,NA,2.4,4.8,60,60,NA,NA,NA,NA,NA,NA,NA,NA,NA
"229","Heliofungia actiniformis","Fungiidae",NA,NA,-13.02,13.98,NA,142,20,20,NA,NA,NA,NA,NA,NA,NA,NA,"0"
"230","Herpolitha limax","Fungiidae",NA,NA,NA,NA,NA,370,NA,NA,NA,NA,NA,NA,NA,NA,NA,NA,"0"
"231","Herpolitha limax","Fungiidae",NA,NA,NA,NA,NA,370,NA,NA,NA,NA,NA,NA,NA,NA,NA,NA,"0"
"232","Heterocyathus aequicostatus","Caryophylliidae",NA,NA,NA,NA,NA,5.6,NA,NA,NA,NA,NA,NA,NA,NA,NA,NA,NA
"233","Heteropsammia cochlea","Dendrophylliidae",NA,NA,NA,NA,NA,7.3,NA,NA,NA,NA,NA,NA,NA,NA,NA,NA,NA
"234","Hydnophora exesa","Merulinidae",NA,NA,NA,NA,3,4.5,NA,NA,NA,NA,NA,NA,NA,NA,NA,NA,"30.07"
"235","Hydnophora microconos","Merulinidae",0.77,1.97,-0.675,1.725,3.6,7.2,NA,NA,NA,NA,NA,NA,NA,NA,NA,NA,"10.22"
"236","Hydnophora pilosa","Merulinidae",NA,NA,NA,NA,5,8,NA,NA,NA,NA,NA,NA,NA,NA,NA,NA,NA
"237","Hydnophora rigida","Merulinidae",NA,NA,NA,NA,4.7,6.7,NA,NA,NA,NA,NA,NA,NA,NA,NA,NA,"25.62"
"238","Indophyllia macassarensis","Lobophylliidae",NA,NA,NA,NA,NA,NA,4.5,4.5,NA,NA,NA,NA,NA,NA,NA,NA,NA
"239","Isopora brueggemanni","Acroporidae",NA,NA,NA,NA,1,1.6,NA,NA,NA,NA,NA,NA,NA,NA,NA,NA,"29.58"
"240","Isopora cuneata","Acroporidae",NA,NA,NA,NA,0.5,1,20,20,NA,NA,NA,NA,NA,NA,NA,NA,"18.96"
"241","Isopora palifera","Acroporidae",0.873334707905241,2.16666529209476,NA,NA,0.7,1.4,NA,NA,NA,NA,NA,NA,NA,NA,NA,NA,"40.85"
"242","Leptastrea bewickensis","Fungiidae",NA,NA,NA,NA,1.8,4.2,100,100,NA,NA,NA,NA,NA,NA,NA,NA,NA
"243","Leptastrea bottae","Fungiidae",NA,NA,NA,NA,1.9,3.5,NA,NA,NA,NA,NA,NA,NA,NA,NA,NA,NA
"244","Leptastrea inaequalis","Fungiidae",NA,NA,NA,NA,1.8,4.1,NA,NA,NA,NA,NA,NA,NA,NA,NA,NA,NA
"245","Leptastrea purpurea","Fungiidae",0.79,2.47,-0.75,1.05,1.8,10,100,100,NA,NA,NA,NA,NA,NA,NA,NA,"15.73"
"246","Leptastrea purpurea","Fungiidae",0.79,2.47,-0.75,1.05,1.8,10,100,100,NA,NA,NA,NA,NA,NA,NA,NA,"15.73"
"247","Leptastrea transversa","Fungiidae",NA,NA,NA,NA,5.4,9.2,NA,NA,NA,NA,NA,NA,NA,NA,NA,NA,"16.27"
"248","Leptoria phrygia","Merulinidae",1.34545510777942,1.87454489222058,NA,NA,2.6,3.5,NA,NA,NA,NA,NA,NA,NA,NA,NA,NA,"46.01"
"249","Leptoseris explanata","Agariciidae",NA,NA,NA,NA,2.4,4,NA,NA,NA,NA,NA,NA,NA,NA,NA,NA,NA
"250","Leptoseris foliosa","Agariciidae",NA,NA,NA,NA,1.1,1.4,NA,NA,NA,NA,NA,NA,NA,NA,NA,NA,NA
"251","Leptoseris gardineri","Agariciidae",NA,NA,NA,NA,1.4,2.5,600,1000,NA,NA,NA,NA,NA,NA,NA,NA,"71.5"
"252","Leptoseris hawaiiensis","Agariciidae",NA,NA,NA,NA,1.6,3.2,NA,NA,NA,NA,NA,NA,NA,NA,NA,NA,NA
"253","Leptoseris mycetoseroides","Agariciidae",NA,NA,NA,NA,1.9,4.4,100,200,NA,NA,NA,NA,NA,NA,NA,NA,NA
"254","Leptoseris papyracea","Agariciidae",NA,NA,NA,NA,2.5,4.4,NA,NA,NA,NA,NA,NA,NA,NA,NA,NA,"71.5"
"255","Leptoseris scabra","Agariciidae",NA,NA,NA,NA,3.8,6.3,NA,NA,NA,NA,NA,NA,NA,NA,NA,NA,NA
"256","Leptoseris solida","Agariciidae",NA,NA,NA,NA,2.5,3.8,NA,NA,NA,NA,NA,NA,NA,NA,NA,NA,NA
"257","Leptoseris yabei","Agariciidae",NA,NA,NA,NA,2.3,3.7,100,100,NA,NA,NA,NA,NA,NA,NA,NA,"19.26"
"258","Cycloseris mokai","Fungiidae",NA,NA,NA,NA,3.5,7.5,8,10,NA,NA,NA,NA,NA,NA,NA,NA,NA
"259","Lithophyllon undulatum","Fungiidae",NA,NA,NA,NA,2.3,5.1,NA,NA,NA,NA,NA,NA,NA,NA,NA,NA,NA
"260","Lobophyllia corymbosa","Lobophylliidae",NA,NA,NA,NA,2.5,2.5,50,200,2800,2800,NA,NA,NA,NA,NA,NA,"42.83"
"261","Lobophyllia dentata","Lobophylliidae",NA,NA,NA,NA,14,32.6,200,200,NA,NA,NA,NA,NA,NA,NA,NA,NA
"262","Lobophyllia diminuta","Lobophylliidae",NA,NA,NA,NA,NA,42.5,NA,NA,NA,NA,NA,NA,NA,NA,NA,NA,NA
"263","Lobophyllia hataii","Lobophylliidae",NA,NA,NA,NA,25,30,NA,NA,NA,NA,NA,NA,NA,NA,NA,NA,"35.75"
"264","Lobophyllia hemprichii","Lobophylliidae",NA,NA,NA,NA,16.5,26.8,500,500,NA,NA,NA,NA,NA,NA,NA,NA,"50.42"
"265","Lobophyllia pachysepta","Lobophylliidae",NA,NA,NA,NA,14.1,32.6,50,50,NA,NA,NA,NA,NA,NA,NA,NA,"0"
"266","Lobophyllia robusta","Lobophylliidae",NA,NA,NA,NA,NA,47.5,NA,NA,NA,NA,NA,NA,NA,NA,NA,NA,"4"
"267","Madracis kirbyi","Pocilloporidae",NA,NA,NA,NA,1.9,2.6,125,125,NA,NA,NA,NA,NA,NA,NA,NA,NA
"268","Merulina ampliata","Merulinidae",NA,NA,NA,NA,3.8,6.2,NA,NA,NA,NA,NA,NA,NA,NA,NA,NA,"58.64"
"269","Merulina scabricula","Merulinidae",NA,NA,NA,NA,1.8,3.5,NA,NA,NA,NA,NA,NA,NA,NA,NA,NA,"9.09"
"270","Micromussa amakusensis","Lobophylliidae",NA,NA,NA,NA,5.7,11.5,NA,NA,NA,NA,NA,NA,NA,NA,NA,NA,NA
"271","Montipora aequituberculata","Acroporidae",NA,NA,NA,NA,0.7,0.9,NA,NA,NA,NA,NA,NA,NA,NA,NA,NA,"15.61"
"272","Montipora angulata","Acroporidae",NA,NA,NA,NA,1,1.3,NA,NA,NA,NA,NA,NA,NA,NA,NA,NA,NA
"273","Montipora australiensis","Acroporidae",NA,NA,NA,NA,0.9,0.1,NA,NA,NA,NA,NA,NA,NA,NA,NA,NA,NA
"274","Montipora caliculata","Acroporidae",NA,NA,NA,NA,0.7,1,NA,NA,NA,NA,NA,NA,NA,NA,NA,NA,"39.76"
"275","Montipora capricornis","Acroporidae",NA,NA,NA,NA,0.6,1,NA,NA,NA,NA,NA,NA,NA,NA,NA,NA,NA
"276","Montipora cebuensis","Acroporidae",NA,NA,NA,NA,0.4,0.8,NA,NA,NA,NA,NA,NA,NA,NA,NA,NA,NA
"277","Montipora confusa","Acroporidae",NA,NA,NA,NA,0.6,0.7,100,100,NA,NA,NA,NA,NA,NA,NA,NA,NA
"278","Montipora corbettensis","Acroporidae",NA,NA,NA,NA,0.6,0.8,NA,NA,NA,NA,NA,NA,NA,NA,NA,NA,NA
"279","Montipora crassituberculata","Acroporidae",NA,NA,NA,NA,1.2,1.5,NA,NA,NA,NA,NA,NA,NA,NA,NA,NA,"15.87"
"280","Montipora danae","Acroporidae",NA,NA,NA,NA,0.9,1.4,NA,NA,NA,NA,NA,NA,NA,NA,NA,NA,"72.65"
"281","Montipora digitata","Acroporidae",NA,NA,-0.878333333333332,23.9616666666667,0.8,0.9,NA,NA,NA,NA,NA,NA,NA,NA,NA,NA,"18.52"
"282","Montipora efflorescens","Acroporidae",NA,NA,NA,NA,0.6,1.2,NA,NA,NA,NA,NA,NA,NA,NA,NA,NA,NA
"283","Montipora floweri","Acroporidae",NA,NA,NA,NA,0.5,0.9,NA,NA,NA,NA,NA,NA,NA,NA,NA,NA,NA
"284","Montipora foliosa","Acroporidae",NA,NA,NA,NA,0.6,0.9,NA,NA,NA,NA,NA,NA,NA,NA,NA,NA,"19.42"
"285","Montipora foveolata","Acroporidae",NA,NA,NA,NA,2.1,2.9,NA,NA,NA,NA,NA,NA,NA,NA,NA,NA,"29.93"
"286","Montipora grisea","Acroporidae",NA,NA,NA,NA,0.8,1.2,NA,NA,NA,NA,NA,NA,NA,NA,NA,NA,"28.62"
"287","Montipora hispida","Acroporidae",NA,NA,NA,NA,0.9,1.4,NA,NA,NA,NA,NA,NA,NA,NA,NA,NA,"61.58"
"288","Montipora hodgsoni","Acroporidae",NA,NA,NA,NA,0.5,0.6,NA,NA,NA,NA,NA,NA,NA,NA,NA,NA,NA
"289","Montipora hoffmeisteri","Acroporidae",NA,NA,NA,NA,0.8,1.1,NA,NA,NA,NA,NA,NA,NA,NA,NA,NA,"23.13"
"290","Montipora incrassata","Acroporidae",NA,NA,NA,NA,1,1.4,NA,NA,NA,NA,NA,NA,NA,NA,NA,NA,NA
"291","Montipora informis","Acroporidae",NA,NA,NA,NA,1.2,1.3,NA,NA,NA,NA,NA,NA,NA,NA,NA,NA,"72.85"
"292","Montipora millepora","Acroporidae",NA,NA,NA,NA,0.5,0.6,NA,NA,NA,NA,NA,NA,NA,NA,NA,NA,NA
"293","Montipora mollis","Acroporidae",NA,NA,NA,NA,0.6,0.9,NA,NA,NA,NA,NA,NA,NA,NA,NA,NA,"52.46"
"294","Montipora monasteriata","Acroporidae",NA,NA,NA,NA,0.7,1.1,NA,NA,NA,NA,NA,NA,2.74,3.92,NA,NA,"31.43"
"295","Montipora nodosa","Acroporidae",NA,NA,NA,NA,0.8,1.3,NA,NA,NA,NA,NA,NA,NA,NA,NA,NA,NA
"296","Montipora palawanensis","Acroporidae",NA,NA,NA,NA,0.6,0.7,200,200,NA,NA,NA,NA,NA,NA,NA,NA,NA
"297","Montipora peltiformis","Acroporidae",NA,NA,NA,NA,0.7,0.9,NA,NA,NA,NA,NA,NA,NA,NA,NA,NA,"45.32"
"298","Montipora spongodes","Acroporidae",NA,NA,NA,NA,0.9,1.2,NA,NA,NA,NA,NA,NA,NA,NA,NA,NA,"60.91"
"299","Montipora spumosa","Acroporidae",NA,NA,NA,NA,0.7,0.9,NA,NA,NA,NA,NA,NA,NA,NA,NA,NA,NA
"300","Montipora stellata","Acroporidae",NA,NA,NA,NA,0.6,0.9,NA,NA,NA,NA,NA,NA,NA,NA,NA,NA,NA
"301","Montipora tuberculosa","Acroporidae",NA,NA,NA,NA,0.6,1,NA,NA,NA,NA,NA,NA,NA,NA,NA,NA,"29.43"
"302","Montipora turgescens","Acroporidae",NA,NA,NA,NA,0.8,1,NA,NA,NA,NA,NA,NA,NA,NA,NA,NA,NA
"303","Montipora turtlensis","Acroporidae",NA,NA,NA,NA,0.6,0.9,NA,NA,NA,NA,NA,NA,NA,NA,NA,NA,NA
"304","Montipora undata","Acroporidae",NA,NA,NA,NA,0.8,1.2,NA,NA,NA,NA,NA,NA,NA,NA,NA,NA,"43.45"
"305","Montipora venosa","Acroporidae",NA,NA,NA,NA,1.2,1.8,NA,NA,NA,NA,NA,NA,NA,NA,NA,NA,"16.38"
"306","Montipora verrucosa","Acroporidae",NA,NA,-0.911987071205378,5.60653252575083,0.8,1.4,NA,NA,NA,NA,NA,NA,NA,NA,NA,NA,"2.75"
"307","Montipora verruculosa","Acroporidae",NA,NA,NA,NA,0.7,0.8,200,200,NA,NA,NA,NA,NA,NA,NA,NA,NA
"308","Moseleya latistellata","Lobophylliidae",NA,NA,NA,NA,56,73,25,25,NA,NA,NA,NA,NA,NA,NA,NA,NA
"309","Mycedium elephantotus","Merulinidae",NA,NA,NA,NA,7.5,10,300,300,NA,NA,NA,NA,NA,NA,NA,NA,"13.85"
"310","Mycedium mancaoi","Merulinidae",NA,NA,NA,NA,3.8,7.2,NA,NA,NA,NA,NA,NA,NA,NA,NA,NA,NA
"311","Mycedium robokaki","Merulinidae",NA,NA,NA,NA,3.8,7.2,NA,NA,NA,NA,NA,NA,NA,NA,NA,NA,NA
"312","Oulophyllia bennettae","Merulinidae",NA,NA,NA,NA,12.8,17.4,NA,NA,NA,NA,NA,NA,NA,NA,NA,NA,NA
"313","Oulophyllia crispa","Merulinidae",NA,NA,NA,NA,7,11.6,100,100,NA,NA,NA,NA,NA,NA,NA,NA,"22.43"
"314","Oulophyllia levis","Merulinidae",NA,NA,NA,NA,8.6,18.1,NA,NA,NA,NA,NA,NA,NA,NA,NA,NA,NA
"315","Oxypora crassispinosa","Lobophylliidae",NA,NA,NA,NA,6.2,8.8,NA,NA,NA,NA,NA,NA,NA,NA,NA,NA,NA
"316","Oxypora glabra","Lobophylliidae",NA,NA,NA,NA,5,7.5,NA,NA,NA,NA,NA,NA,NA,NA,NA,NA,NA
"317","Oxypora lacera","Lobophylliidae",NA,NA,NA,NA,6.1,8.8,NA,NA,NA,NA,NA,NA,NA,NA,NA,NA,"6.94"
"318","Pachyseris gemmae","Pachyseridae",NA,NA,NA,NA,1.4,3.3,NA,NA,NA,NA,NA,NA,NA,NA,NA,NA,"57.38"
"319","Pachyseris rugosa","Pachyseridae",NA,NA,NA,NA,2.2,4.8,100,1000,NA,NA,NA,NA,NA,NA,NA,NA,"21.72"
"320","Pachyseris speciosa","Pachyseridae",NA,NA,NA,NA,2.4,4.6,200,200,NA,NA,NA,NA,NA,NA,NA,NA,"39.28"
"321","Palauastrea ramosa","Pocilloporidae",NA,NA,NA,NA,1.1,1.2,NA,NA,NA,NA,NA,NA,NA,NA,NA,NA,"5.5"
"322","Merulina triangularis","Merulinidae",NA,NA,NA,NA,7.5,8.8,100,500,NA,NA,NA,NA,NA,NA,NA,NA,NA
"323","Pavona cactus","Agariciidae",NA,NA,3.47821027757082,3.57178972242918,1,1.4,1000,1000,NA,NA,NA,NA,NA,NA,NA,NA,"31.5"
"324","Pavona clavus","Agariciidae",1.12517304492868,2.18816028840466,-5.9570095967876,8.32475153227147,1.7,3.4,2000,2000,NA,NA,NA,NA,NA,NA,NA,NA,"44.56"
"325","Pavona decussata","Agariciidae",NA,NA,NA,NA,1.9,3.5,NA,NA,NA,NA,NA,NA,NA,NA,NA,NA,"5.43"
"326","Pavona duerdeni","Agariciidae",NA,NA,-4.68333333333333,6.11666666666667,1.9,2.1,NA,NA,NA,NA,NA,NA,NA,NA,NA,NA,"47.6"
"327","Pavona explanulata","Agariciidae",NA,NA,NA,NA,2.3,3,NA,NA,NA,NA,NA,NA,NA,NA,NA,NA,"3.41"
"328","Pavona maldivensis","Agariciidae",NA,NA,NA,NA,2.9,4.1,30,30,NA,NA,NA,NA,NA,NA,NA,NA,"3.93"
"329","Pavona minuta","Agariciidae",NA,NA,NA,NA,1.9,3.3,100,1000,NA,NA,NA,NA,NA,NA,NA,NA,"63.25"
"330","Pavona varians","Agariciidae",1.45060715401553,2.47939284598447,-3.98387435135316,4.55054101801982,4.7,9.3,NA,NA,NA,NA,NA,NA,NA,NA,NA,NA,"23.85"
"331","Pavona venosa","Agariciidae",NA,NA,NA,NA,5.2,9.3,NA,NA,NA,NA,NA,NA,NA,NA,NA,NA,"13.98"
"332","Pectinia alcicornis","Merulinidae",NA,NA,NA,NA,18.8,21.2,NA,NA,NA,NA,NA,NA,NA,NA,NA,NA,"3.69"
"333","Pectinia lactuca","Merulinidae",NA,NA,NA,NA,27.5,30,100,100,NA,NA,NA,NA,NA,NA,NA,NA,"68.81"
"334","Pectinia maxima","Merulinidae",NA,NA,NA,NA,7.5,15,100,100,NA,NA,NA,NA,NA,NA,NA,NA,NA
"335","Pectinia paeonia","Merulinidae",NA,NA,NA,NA,30,35,100,100,NA,NA,NA,NA,NA,NA,NA,NA,"45.24"
"336","Physogyra lichtensteini","Plesiastreidae",NA,NA,NA,NA,6,20,100,100,NA,NA,NA,NA,NA,NA,NA,NA,"71.5"
"337","Platygyra acuta","Merulinidae",NA,NA,NA,NA,4.3,5.2,NA,NA,NA,NA,NA,NA,NA,NA,NA,NA,"4.63"
"338","Platygyra contorta","Merulinidae",NA,NA,NA,NA,2.8,5.6,NA,NA,NA,NA,NA,NA,NA,NA,NA,NA,NA
"339","Platygyra daedalea","Merulinidae",NA,NA,NA,NA,5.8,10,NA,NA,NA,NA,NA,NA,NA,NA,NA,NA,"45.36"
"340","Platygyra lamellina","Merulinidae",NA,NA,NA,NA,8.1,9.1,NA,NA,NA,NA,NA,NA,NA,NA,NA,NA,"39.59"
"341","Platygyra pini","Merulinidae",NA,NA,NA,NA,4.7,7.2,NA,NA,NA,NA,NA,NA,NA,NA,NA,NA,"38.32"
"342","Platygyra ryukyuensis","Merulinidae",NA,NA,NA,NA,1.6,3.3,NA,NA,NA,NA,NA,NA,NA,NA,NA,NA,"14.32"
"343","Platygyra sinensis","Merulinidae",NA,NA,-5.18,6.28,3.3,6.7,NA,NA,NA,NA,NA,NA,NA,NA,NA,NA,"40.05"
"344","Platygyra verweyi","Merulinidae",NA,NA,NA,NA,2.8,4.7,NA,NA,NA,NA,NA,NA,NA,NA,NA,NA,"34.91"
"345","Platygyra yaeyamaensis","Merulinidae",NA,NA,NA,NA,3.7,5.1,NA,NA,NA,NA,NA,NA,NA,NA,NA,NA,NA
"346","Plerogyra sinuosa","Plesiastreidae",NA,NA,NA,NA,15,30,100,100,NA,NA,NA,NA,NA,NA,NA,NA,"71.5"
"347","Plesiastrea versipora","Plesiastreidae",NA,NA,NA,NA,2.9,4.6,100,300,NA,NA,NA,NA,NA,NA,NA,NA,"0"
"348","Pocillopora ankeli","Pocilloporidae",NA,NA,NA,NA,0.8,1,NA,NA,NA,NA,NA,NA,NA,NA,NA,NA,NA
"349","Pocillopora brevicornis","Pocilloporidae",NA,NA,NA,NA,NA,NA,NA,NA,NA,NA,NA,NA,NA,NA,NA,NA,NA
"350","Pocillopora damicornis","Pocilloporidae",1.58221249379478,2.27112083953855,-16.6718038118839,23.4568593674395,0.8,1,200,200,NA,NA,NA,NA,2.6,9.1,NA,NA,"42.29"
"351","Pocillopora danae","Pocilloporidae",NA,NA,NA,NA,0.8,1.2,100,100,NA,NA,NA,NA,NA,NA,NA,NA,"39.84"
"352","Pocillopora eydouxi","Pocilloporidae",NA,NA,-11.8333333333333,16.9666666666667,0.8,1,100,100,NA,NA,NA,NA,1.61,1.61,NA,NA,"21.85"
"353","Pocillopora kelleheri","Pocilloporidae",NA,NA,NA,NA,0.8,1.2,NA,NA,NA,NA,NA,NA,NA,NA,NA,NA,NA
"354","Pocillopora meandrina","Pocilloporidae",1.42,1.42,-9.03604166666667,13.3094583333333,0.6,0.7,100,100,NA,NA,NA,NA,NA,NA,NA,NA,"32.77"
"355","Pocillopora verrucosa","Pocilloporidae",NA,NA,-36.3269251140527,41.2519251140527,0.3,0.7,50,50,NA,NA,NA,NA,NA,NA,NA,NA,"25.82"
"356","Pocillopora woodjonesi","Pocilloporidae",NA,NA,NA,NA,0.6,1.1,NA,NA,NA,NA,NA,NA,NA,NA,NA,NA,NA
"357","Podabacia crustacea","Fungiidae",NA,NA,NA,NA,1.9,3,150,150,NA,NA,NA,NA,NA,NA,NA,NA,"5.41"
"358","Podabacia motuporensis","Fungiidae",NA,NA,NA,NA,2.3,2.8,NA,NA,NA,NA,NA,NA,NA,NA,NA,NA,NA
"359","Polyphyllia talpina","Fungiidae",NA,NA,NA,NA,NA,NA,NA,NA,NA,NA,NA,NA,NA,NA,NA,NA,NA
"360","Porites annae","Poritidae",0.583334707905241,1.87666529209476,NA,NA,1,1.1,NA,NA,NA,NA,NA,NA,NA,NA,NA,NA,"5.57"
"361","Porites australiensis","Poritidae",NA,NA,NA,NA,0.1,0.1,NA,NA,72,72,NA,NA,NA,NA,NA,NA,NA
"362","Porites cylindrica","Poritidae",0.827614034677087,2.01238596532291,-2.07958333333333,5.09191666666667,0.8,1.1,1000,1000,NA,NA,NA,NA,0.8,4.06,NA,NA,"28.95"
"363","Porites deformis","Poritidae",NA,NA,NA,NA,1.2,1.6,NA,NA,NA,NA,NA,NA,NA,NA,NA,NA,NA
"364","Porites densa","Poritidae",NA,NA,NA,NA,1,1.3,15,15,NA,NA,NA,NA,NA,NA,NA,NA,NA
"365","Porites evermanni","Poritidae",NA,NA,NA,NA,0.8,1,NA,NA,NA,NA,NA,NA,NA,NA,NA,NA,"5.5"
"366","Porites heronensis","Poritidae",NA,NA,-2.065,3.815,0.9,1.5,NA,NA,NA,NA,NA,NA,NA,NA,NA,NA,"23.21"
"367","Porites lichen","Poritidae",NA,NA,-33.254958911121,35.9716255777876,1.3,1.4,NA,NA,NA,NA,NA,NA,NA,NA,NA,NA,"15.79"
"368","Porites lobata","Poritidae",1.14302117092752,1.69472882907248,-4.47482304276613,6.08778584038517,0.9,1.1,400,685,NA,NA,NA,NA,NA,NA,NA,NA,"35.79"
"369","Porites lutea","Poritidae",0.96478651532273,1.63742777039156,-7.83030685084239,10.4543298393481,0.1,0.1,400,400,72,72,NA,NA,NA,NA,NA,NA,"24.58"
"370","Porites mayeri","Poritidae",0.87,1.47,-7.91666666666667,10.0833333333333,1.3,1.6,400,400,NA,NA,NA,NA,NA,NA,NA,NA,"11.69"
"371","Porites monticulosa","Poritidae",NA,NA,NA,NA,0.9,1.2,100,100,NA,NA,NA,NA,NA,NA,NA,NA,NA
"372","Porites murrayensis","Poritidae",NA,NA,NA,NA,0.7,1,20,20,NA,NA,NA,NA,NA,NA,NA,NA,NA
"373","Porites myrmidonensis","Poritidae",NA,NA,NA,NA,0.9,1.4,400,400,NA,NA,NA,NA,NA,NA,NA,NA,NA
"374","Porites nigrescens","Poritidae",NA,NA,-37.2229452271276,40.1896118937943,1.4,1.6,NA,NA,NA,NA,NA,NA,NA,NA,NA,NA,"41.33"
"375","Porites rus","Poritidae",NA,NA,0.395,2.145,0.6,0.8,500,500,NA,NA,NA,NA,NA,NA,NA,NA,"7.28"
"376","Porites solida","Poritidae",NA,NA,-4.95,6.15,1.3,1.6,NA,NA,NA,NA,NA,NA,NA,NA,NA,NA,"35.75"
"377","Porites stephensoni","Poritidae",NA,NA,NA,NA,0.9,1.3,10,10,NA,NA,NA,NA,NA,NA,NA,NA,"0"
"378","Porites vaughani","Poritidae",NA,NA,NA,NA,0.6,0.8,20,20,NA,NA,NA,NA,NA,NA,NA,NA,"24.05"
"379","Psammocora albopicta","Psammocoridae",NA,NA,NA,NA,NA,NA,NA,NA,NA,NA,NA,NA,NA,NA,NA,NA,NA
"380","Psammocora contigua","Psammocoridae",NA,NA,NA,NA,1.1,1.5,50,50,NA,NA,NA,NA,NA,NA,NA,NA,"28.42"
"381","Psammocora digitata","Psammocoridae",NA,NA,NA,NA,1.8,2.3,6.5,6.5,NA,NA,NA,NA,NA,NA,NA,NA,"41.42"
"382","Cycloseris explanulata","Fungiidae",NA,NA,NA,NA,3.4,4.5,NA,NA,NA,NA,NA,NA,NA,NA,NA,NA,NA
"383","Psammocora haimiana","Psammocoridae",NA,NA,NA,NA,1.7,4.6,NA,NA,NA,NA,NA,NA,NA,NA,NA,NA,NA
"384","Psammocora nierstraszi","Psammocoridae",NA,NA,NA,NA,NA,NA,NA,NA,NA,NA,NA,NA,NA,NA,NA,NA,NA
"385","Psammocora contigua","Psammocoridae",NA,NA,NA,NA,1.1,1.5,50,50,NA,NA,NA,NA,NA,NA,NA,NA,"28.42"
"386","Psammocora profundacella","Psammocoridae",NA,NA,NA,NA,1.8,2.5,NA,NA,NA,NA,NA,NA,NA,NA,NA,NA,NA
"387","Pseudosiderastrea tayamai","Siderastreidae",NA,NA,NA,NA,3.5,4,16,16,NA,NA,NA,NA,NA,NA,NA,NA,NA
"388","Sandalolitha dentata","Fungiidae",NA,NA,NA,NA,1.8,3.5,NA,NA,NA,NA,NA,NA,NA,NA,NA,NA,NA
"389","Sandalolitha robusta","Fungiidae",NA,NA,NA,NA,3.9,4.6,50,50,NA,NA,NA,NA,NA,NA,NA,NA,"0.26"
"390","Scapophyllia cylindrica","Merulinidae",NA,NA,NA,NA,2.9,3.8,NA,NA,NA,NA,NA,NA,NA,NA,NA,NA,"16.33"
"391","Seriatopora caliendrum","Pocilloporidae",NA,NA,NA,NA,0.7,1.1,NA,NA,NA,NA,NA,NA,NA,NA,NA,NA,"65.82"
"392","Seriatopora hystrix","Pocilloporidae",0.877275538897084,3.52272446110292,-41.1333333333333,44.3666666666667,0.6,0.8,NA,NA,NA,NA,NA,NA,NA,NA,NA,NA,"61.46"
"393","Stylaraea punctata","Poritidae",NA,NA,NA,NA,1.1,1.2,1.5,15,NA,NA,NA,NA,NA,NA,NA,NA,NA
"394","Stylocoeniella armata","Pocilloporidae",NA,NA,NA,NA,1.3,2.3,NA,NA,NA,NA,NA,NA,NA,NA,NA,NA,NA
"395","Stylocoeniella guentheri","Pocilloporidae",NA,NA,NA,NA,1,1.1,50,50,NA,NA,NA,NA,NA,NA,NA,NA,NA
"396","Stylophora pistillata","Pocilloporidae",1.5117784497401,2.0170429842599,-12.2624662264688,16.0795823957205,0.9,1.4,NA,NA,0.0266,1.9034,NA,NA,NA,NA,4.9775,4.9775,"56.42"
"397","Lobophyllia agaricia","Lobophylliidae",NA,NA,NA,NA,20,33.5,NA,NA,NA,NA,NA,NA,NA,NA,NA,NA,NA
"398","Lobophyllia radians","Lobophylliidae",NA,NA,NA,NA,25,35,NA,NA,NA,NA,NA,NA,NA,NA,NA,NA,NA
"399","Lobophyllia recta","Lobophylliidae",NA,NA,NA,NA,9,15,NA,NA,NA,NA,NA,NA,NA,NA,NA,NA,NA
"400","Lobophyllia valenciennesii","Lobophylliidae",NA,NA,NA,NA,30,35,NA,NA,NA,NA,NA,NA,NA,NA,NA,NA,NA
"401","Trachyphyllia geoffroyi","Merulinidae",NA,NA,NA,NA,3.5,4,8,8,NA,NA,NA,NA,NA,NA,NA,NA,NA
"402","Turbinaria bifrons","Dendrophylliidae",NA,NA,NA,NA,1.4,1.6,NA,NA,NA,NA,NA,NA,NA,NA,NA,NA,"71.5"
"403","Turbinaria conspicua","Dendrophylliidae",NA,NA,NA,NA,1,1.6,NA,NA,NA,NA,NA,NA,NA,NA,NA,NA,NA
"404","Turbinaria frondens","Dendrophylliidae",NA,NA,-12.5733333333333,14.9066666666667,0.9,1.1,400,400,NA,NA,NA,NA,NA,NA,NA,NA,NA
"405","Turbinaria heronensis","Dendrophylliidae",NA,NA,NA,NA,3.5,4.4,NA,NA,NA,NA,NA,NA,NA,NA,NA,NA,NA
"406","Turbinaria irregularis","Dendrophylliidae",NA,NA,NA,NA,1.5,2.1,NA,NA,NA,NA,NA,NA,NA,NA,NA,NA,NA
"407","Turbinaria mesenterina","Dendrophylliidae",NA,NA,NA,NA,2.3,3.5,100,100,NA,NA,NA,NA,NA,NA,NA,NA,"20.87"
"408","Turbinaria patula","Dendrophylliidae",NA,NA,NA,NA,2.3,3.5,NA,NA,NA,NA,NA,NA,NA,NA,NA,NA,NA
"409","Duncanopsammia peltata","Dendrophylliidae",NA,NA,NA,NA,4.2,4.8,NA,NA,NA,NA,NA,NA,NA,NA,NA,NA,NA
"410","Turbinaria radicalis","Dendrophylliidae",NA,NA,NA,NA,2,2.5,100,100,NA,NA,NA,NA,NA,NA,NA,NA,NA
"411","Turbinaria reniformis","Dendrophylliidae",NA,NA,NA,NA,2.8,4.2,500,500,NA,NA,NA,NA,NA,NA,NA,NA,NA
"412","Turbinaria stellulata","Dendrophylliidae",NA,NA,NA,NA,2.1,3.3,NA,NA,NA,NA,NA,NA,NA,NA,NA,NA,NA
"413","Zoopilus echinatus","Fungiidae",NA,NA,NA,NA,NA,20,60,60,NA,NA,NA,NA,NA,NA,NA,NA,NA
